Name,Region,WorldRank,RegionRank,2014Score,SChangFrom2013,PropertyRights,PChangeFrom2013,FreedomFCorruption,FCChangeFrom2013,FiscalFreedom ,FFChangeFrom2013,GovSpending,GSChangeFrom2013,BusinessFreedom,BFChangeFrom2013,LaborFreedom,LFChangeFrom2013,MonetaryFreedom,MFChangeFrom2013,TradeFreedom,TFChangeFrom2013,InvestmentFreedom ,IFChangeFrom2013,FinancialFreedom,FFChangeFrom2013,GovtExp%ofGDP ,PopinM,GDPinB,GDPGRate%,GDPcapita,Inflation%,FDIInflowM
Albania,Europe,54,25,66.9,1.7,30,0,30.4,-0.6,92.7,0.1,75.6,0.5,78.1,-2.9,49.7,0.7,80,1.6,87.5,7.7,75,10,70,0,28.5,3.2,26.1,1.3,8052,2,957
Algeria,Middle East / North Africa,146,14,50.8,1.2,30,0,28.7,-0.3,80.5,0.1,51,6.9,66.3,1.1,48.3,-4.3,67.8,-8.8,60.8,-7,45,25,30,0,40.4,36.5,272.9,2.5,7477,8.9,1484
Angola,Sub-Saharan Africa,160,39,47.7,0.4,15,0,17.7,-2.3,87.7,5.1,55.3,-5.3,47.5,4.4,40.1,-4.7,63.6,2.1,70.1,-0.1,40,5,40,0,38.6,20.2,128.3,8.4,6347,10.3,-6898
Argentina,South and Central America / Caribbean,166,27,44.6,-2.1,15,0,29.5,-0.5,63.5,-0.8,49.9,-2.2,53.9,-6.2,44.9,-2.5,60,-0.4,68.9,1.3,30,-10,30,0,40.9,41,743.1,1.9,18112,10,12551
Armenia,Europe,41,18,68.9,-0.5,30,0,26.7,0.7,86.5,-1.5,81.3,-0.8,83.1,-4.5,78.5,1.4,77,4,85.5,0.1,70,-5,70,0,25,3.4,19.6,7.2,5838,2.5,489
Australia,Asia-Pacific,3,3,82,-0.6,90,0,87.7,-0.3,64.2,-2.2,62.6,-0.2,94.6,-0.9,79.2,-4.3,80.5,-3.3,86.4,0.2,85,5,90,0,35.3,22.8,970.8,3.6,42640,1.8,56959
Austria,Europe,24,14,72.4,0.6,90,0,75.5,-2.5,51,-0.1,23.5,0,76.3,2.7,80.5,0.1,79.5,0.2,87.8,1,90,5,70,0,50.5,8.5,359,0.8,42409,2.6,6315
Azerbaijan,Asia-Pacific,81,13,61.3,1.6,20,-5,22.7,-1.3,88.1,2.6,64.8,-3,73.5,4.3,77.9,-1.5,78.8,5.3,77.2,0,60,5,50,10,34.2,9.2,96.8,2.2,10478,1.1,2005
Bahamas,South and Central America / Caribbean,36,4,69.8,-0.3,70,0,66.6,-6.4,97.3,0.3,84.1,-0.8,70.7,-0.6,81.5,-0.1,75.1,-0.7,52.2,5.2,30,0,70,0,23,0.4,11.1,2.5,31382,2.3,1094
Bahrain,Middle East / North Africa,13,1,75.1,-0.4,60,5,49.4,-1.6,99.9,0,71.4,-1,76.3,0.5,82,-8.4,78.4,5.9,78.6,-4.2,75,0,80,0,30.9,1.2,33.1,3.9,28744,1.2,891
Bangladesh,Asia-Pacific,131,27,54.1,1.5,20,0,23.3,-3.7,72.5,-0.2,92.3,0.2,70.8,2.8,51.9,0,65.9,0.5,59,5,55,0,30,10,16,150,306,6.1,2039,8.7,990
Barbados,South and Central America / Caribbean,45,6,68.3,-1,80,0,77.9,-0.1,74,-0.5,49.8,-4.4,72.8,-2,78.4,-6,74.6,2.5,60.6,0.1,55,0,60,0,40.9,0.3,7.1,0,25373,4.6,356
Belarus,Europe,150,42,50.1,2.1,20,0,24.6,0.6,89.2,0.4,61.2,17.7,73.4,-1.8,77.7,0.8,33.9,-6.8,81.4,0.6,30,10,10,0,36,9.4,146.7,1.5,15634,59.2,1442
Belgium,Europe,35,17,69.9,0.7,80,0,74.2,-0.8,44.8,-0.3,14.8,0.3,89.9,-1.7,72.7,2.9,79.5,0.2,87.8,1,85,5,70,0,53.3,11.1,420.3,-0.2,37883,2.6,-1614
Belize,South and Central America / Caribbean,115,21,56.7,-0.6,30,0,6.7,6.7,82.1,-0.1,74.2,1.6,71.6,-1,67.2,-4.2,77.6,0.3,67.8,-9.4,40,0,50,0,29.3,0.3,3,5.3,8754,1.4,198
Benin,Sub-Saharan Africa,113,18,57.1,-0.5,30,0,29.5,-0.5,68.3,-7.8,86.1,0,51,5.6,50.5,0.8,75.4,-4.5,60,0.7,70,0,50,0,21.5,9.4,15.6,3.8,1667,6.7,159
Bhutan,Asia-Pacific,116,24,56.7,1.7,60,0,58.8,1.8,82.9,0.2,57.2,18.4,59.4,-1.1,83.6,-0.8,65.8,-1.5,49.4,-0.1,20,0,30,0,37.8,0.7,5,9.7,6665,9.7,16
Bolivia,South and Central America / Caribbean,158,25,48.4,0.5,10,0,28.1,0.1,87.1,-1.7,62.5,-1.6,53.4,-2.4,29.9,-0.9,70,2.6,77.6,3.3,15,5,50,0,35.4,10.8,55.2,5.2,5099,4.5,1060
BosniaHerzegovina,Europe,101,38,58.4,1.1,20,0,33.9,1.9,82.9,-0.3,27.4,0.5,55.5,1.2,62.4,1.2,80.1,1.1,86.9,0.5,75,5,60,0,49.2,3.9,31.9,-0.7,8216,2,633
Botswana,Sub-Saharan Africa,27,2,72,1.4,70,0,61.2,0.2,81,1.5,69.8,4.7,68.5,-0.5,69.7,-0.1,72.4,0.4,82.7,3,75,5,70,0,31.8,1.9,31.5,3.8,16820,7.5,293
Brazil,South and Central America / Caribbean,114,20,56.9,-0.8,50,0,37.9,-0.1,68.8,-1.5,54.1,-0.7,53.8,0.8,49.8,-7.4,69.9,-4.5,69.3,-0.4,55,5,60,0,39.1,198.4,2355.6,0.9,11875,5.4,65272
Bulgaria,Europe,61,28,65.7,0.7,30,0,35.2,2.2,91.2,-2.8,64.5,0.3,73.5,-0.1,80.2,5.4,79.6,1,87.8,1,55,0,60,0,34.4,7.3,103.8,0.8,14312,2.4,1899
BurkinaFaso,Sub-Saharan Africa,98,13,58.9,-1,30,0,31.3,1.3,83,1.6,82.3,0.3,60.7,-0.5,55,-1.4,78.8,-1.8,67.8,-4.7,60,5,40,-10,24.3,17.4,24.3,8,1399,3.6,40
Burma,Asia-Pacific,162,36,46.5,7.3,10,0,11.6,-3.4,86.9,5,89.2,-7.6,28.3,8.3,75.7,55.7,64.8,-0.3,73.6,0,15,15,10,0,19,63.7,89.5,6.3,1405,6.1,2243
Burundi,Sub-Saharan Africa,141,31,51.4,2.4,20,0,15.9,-3.1,73.5,2,51.9,29.3,59.8,1.4,63.1,-3.3,68.2,-0.5,71.8,-7.1,60,5,30,0,40,8.8,5.5,4,625,11.8,1
Cambodia,Asia-Pacific,108,23,57.4,-1.1,30,0,18.7,-2.3,90.8,-0.1,88.4,0,36.6,-2.8,50.2,-4,77.9,-3.4,71,0.8,60,0,50,0,19.6,15.3,36.6,6.5,2402,2.9,1557
Cameroon,Sub-Saharan Africa,136,29,52.6,0.3,30,0,21.9,-3.1,71.7,2.4,86,-1.1,45,-1.8,56.1,0.6,69.4,-0.5,61.2,6.3,35,0,50,0,21.6,21.5,50.8,4.7,2366,3,507
Canada,North America,6,1,80.2,0.8,90,0,87.7,0.7,79.7,-0.1,47.3,2.5,89.3,-2.4,83.1,0.8,76.3,1.1,88.3,0.1,80,5,80,0,41.9,34.8,1488.3,1.8,42734,1.5,45375
CapeVerde,Sub-Saharan Africa,60,3,66.1,2.4,70,0,54.9,-0.1,77.4,-0.5,68.6,3.2,63.8,4.9,48,7.7,79.1,1.1,69.6,2.7,70,5,60,0,32.3,0.5,2.2,4.3,4133,2.5,71
CentralAfricanRepublic,Sub-Saharan Africa,161,40,46.7,-3.7,10,-10,20.6,-1.4,65.1,0,92.6,0.2,33.9,-1.3,40.4,-7.5,72.5,-5.6,51.8,-6,50,-5,30,0,15.7,4.9,3.9,4.1,800,5.2,71
Chad,Sub-Saharan Africa,167,41,44.5,-0.7,20,0,15.9,-4.1,46.2,-4.2,80,4.5,24.9,-0.3,43.3,2.8,69.8,-4.8,55.2,-0.4,50,0,40,0,25.8,10.7,20.7,5,1924,7.7,324
Chile,South and Central America / Caribbean,7,1,78.7,-0.3,90,0,72.3,0.3,76.5,-1.1,83.8,0.1,69.3,-1.2,69.3,-4.9,84.1,-0.5,82,0,90,5,70,0,23.2,17.4,320.5,5.5,18419,3,30323
China,Asia-Pacific,137,29,52.5,0.6,20,0,35,-1,69.9,-0.3,82.9,-0.4,49.7,1.7,61.9,-0.7,73.3,1.7,71.8,-0.2,30,5,30,0,23.9,1354,12405.7,7.8,9162,2.7,121080
Colombia,South and Central America / Caribbean,34,3,70.7,1.1,50,0,33.2,-0.8,80.6,4.5,74.9,-0.3,85.2,-5,80.5,1.2,78.8,0.1,78.8,6.6,75,5,70,0,28.9,46.6,502.9,4,10792,3.2,15823
Comoros,Sub-Saharan Africa,142,32,51.4,3.9,30,0,22.1,-1.9,64.5,-0.2,85.3,2.9,49.4,4.7,50.1,-1.1,74.5,-0.1,72.7,3.9,35,20,30,10,22.1,0.7,0.9,2.5,1258,6,17
DemcoraticRepublicCongo,Sub-Saharan Africa,172,44,40.6,1,10,0,17.6,-2.4,69.4,-2,74.6,14.5,30,-8.7,38.5,2.2,63,6.5,63,0,20,0,20,0,29.1,74.7,27.6,7.1,369,9.3,3312
RepublicCongo,Sub-Saharan Africa,169,43,43.7,0.2,10,0,20.6,-1.4,67.5,6.1,79.6,-0.7,35.1,3.6,47,2.2,72,-2.3,55.6,-5.1,20,0,30,0,26.1,4.1,19.1,3.8,4667,5,2758
CostaRica,South and Central America / Caribbean,53,9,66.9,-0.1,50,0,50.9,2.9,80,-2.9,90,-0.1,64.9,6.6,53.3,-7.1,76.3,0.9,83.8,-1.3,70,0,50,0,18.2,4.7,58.8,5,12606,4.5,2265
CoeDivoire,Sub-Saharan Africa,107,16,57.7,3.6,30,5,22.1,0.1,79.1,1.2,79.8,0,55.1,11.8,59,4.4,80.6,2.8,71.4,1.1,50,10,50,0,25.9,23.4,40.3,9.8,1727,1.3,478
Croatia,Europe,87,36,60.4,-0.9,40,0,41.1,1.1,69.4,-6,45.8,-2.9,61.4,-1.6,39.4,-3,79.2,-1.9,87.4,-0.1,80,5,60,0,42.5,4.4,78.4,-2,17810,3.4,1251
Cyprus,Europe,46,21,67.6,-1.4,70,0,64,1,79.7,-0.1,36.2,3.5,79.7,-1,70.2,7.4,78.8,-5.3,82.8,1,65,-10,50,-10,46.1,0.9,23.6,-2.4,27086,3.1,849
CzechRepublic,Europe,26,15,72.2,1.3,70,0,45.3,1.3,81.7,-0.3,43.8,0.3,70.1,4.3,84,-1.5,79.4,-2.3,87.8,1,80,10,80,0,43.3,10.6,287,-1.2,27191,3.3,10593
Denmark,Europe,10,3,76.1,0,90,0,93.7,-0.3,39.3,-0.5,0.5,-5.4,98.1,-0.3,91.2,0.1,80,0,87.8,1,90,5,90,0,57.6,5.6,210.1,-0.6,37657,2.4,2883
Djibouti,Sub-Saharan Africa,118,20,55.9,2,30,0,30.9,0.9,80.6,1.2,62.8,14,42.7,12.7,65.1,5.5,77.2,0.6,54.8,-4.8,65,0,50,-10,35.2,0.9,2.4,4.8,2677,3.7,100
Dominica,South and Central America / Caribbean,63,12,65.2,1.3,60,0,53.5,1.5,72.9,0.9,61.7,11.6,75,-2,70.7,1.9,85.8,0.5,72.7,-1.6,70,0,30,0,35.7,0.1,1,0.4,14166,2.3,20
DominicanRepublic,South and Central America / Caribbean,80,16,61.3,1.6,30,0,27.3,1.3,83.7,0,92.3,-0.3,56.1,2.4,55.2,-0.4,75.7,2.8,77.8,0,75,10,40,0,16.1,10.2,98.7,3.9,9646,3.7,3610
Ecuador,South and Central America / Caribbean,159,26,48,1.1,20,0,26,-1,79.8,-0.3,41.8,-5.5,52.8,1.3,52,4,66.1,-0.8,71.8,3.7,30,10,40,0,44,15.2,153.2,5,10056,5.1,587
Egypt,Middle East / North Africa,135,13,52.9,-1.9,20,-15,28.6,-0.4,85.6,0,69.6,0.2,62.7,-0.6,45.7,2.4,60.5,2.1,71.4,-2.4,45,-5,40,0,31.8,82.5,540,2.2,6545,8.6,2798
ElSalvador,South and Central America / Caribbean,59,11,66.2,-0.5,40,0,34.3,0.3,79.6,-6.1,85.8,0.4,59.6,-2.2,63.3,1.3,80,0.4,79,0,70,0,70,0,21.7,6.2,46.3,1.6,7438,1.7,516
EquatorialGuinea,Sub-Saharan Africa,168,42,44.4,2.1,10,-5,16.6,-2.4,75.5,0.1,62.6,23.3,43.4,-1,41.5,-1.6,75.4,2.6,53.8,-5,35,10,30,0,35.3,0.7,19.3,2,25929,5.5,2115
Eritrea,Sub-Saharan Africa,174,45,38.5,2.2,10,0,22.9,-2.1,57,0,66.1,11.5,18.6,1.3,63.6,9,57.6,2.1,69.1,0,0,0,20,0,33.6,5.7,4.4,7,777,12.3,74
Estonia,Europe,11,4,75.9,0.6,90,5,64.2,0.2,80.4,0.7,56,-0.2,77.6,-0.6,55.9,-0.1,76.9,-0.2,87.8,1,90,0,80,0,38.3,1.3,29.1,3.2,21713,4.2,1470
Ethiopia,Sub-Saharan Africa,151,35,50,0.6,30,0,27,0,77.5,3.3,89.9,0.3,57.8,5.4,54.7,7.8,59,-5.7,64.2,0.2,20,-5,20,0,18.4,86.8,103.3,7,1191,22.8,970
Fiji,Asia-Pacific,99,20,58.7,1.5,25,0,20,0,82.3,4.3,76.2,-1.8,64.9,-0.8,73.1,-1.8,75.2,2.4,70.2,2.2,50,10,50,0,28.2,0.9,4.3,2.1,4786,4.3,268
Finland,Europe,19,9,73.4,-0.6,90,0,93.4,-0.6,65.1,-1.8,8.9,-3.3,93.6,-1.2,46.5,1.2,78.9,-0.6,87.8,1,90,0,80,0,55.1,5.4,197.5,-0.2,36395,3.2,-1806
France,Europe,70,33,63.5,-0.6,80,0,69.9,-0.1,48.4,-4.6,5.6,0,79.9,-4.1,51.8,1.3,76.1,-5,82.8,1,70,5,70,0,56.1,63.4,2254.1,0,35548,2,25093
Gabon,Sub-Saharan Africa,105,14,57.8,0,40,0,29.1,-0.9,74.5,0.3,81.7,1.6,58.9,2.4,63,-0.1,75.1,-2.4,61,-0.1,55,0,40,0,24.7,1.5,25.5,6.2,16548,3,702
Gambia,Sub-Saharan Africa,92,11,59.5,0.7,30,0,31.7,-3.3,79,3.9,79.8,-2.9,57.4,-2.1,65.8,6.5,71.3,0.2,65,4.5,65,0,50,0,26,1.8,3.4,3.9,1864,4.6,79
Georgia,Europe,22,12,72.6,0.4,40,-5,42.8,1.8,87.3,-0.9,69.7,0.8,87.8,-2.8,91.2,0.1,78.4,5.8,88.6,-0.6,80,5,60,0,31.8,4.5,26.7,6.5,5930,-0.8,866
Germany,Europe,18,8,73.4,0.6,90,0,80.1,0.1,61.2,-0.6,38.2,0.9,89.9,-2.2,46.4,2.6,80.8,-0.4,87.8,1,90,5,70,0,45.4,81.9,3197.1,0.9,39028,2.1,6565
Ghana,Sub-Saharan Africa,66,5,64.2,2.9,50,0,40.4,1.4,85.4,-0.6,83.3,30.8,62.6,1.1,60.2,-1.4,65.8,1,64.8,-3,70,0,60,0,23.6,24.9,82.4,7,3305,9.2,3295
Greece,Europe,119,40,55.7,0.3,40,0,33.2,-0.8,65.9,-0.3,19.2,-5.5,75.8,-1.3,53.9,11.8,76.3,2.9,82.8,1,60,-5,50,0,51.9,11.3,276.9,-6.4,24505,1,2945
Guatemala,South and Central America / Caribbean,83,17,61.2,1.2,25,-5,28.7,1.7,79.6,0,93.6,0,58.4,7.6,49.3,0.6,76.7,1.2,85.4,0.2,65,5,50,0,14.6,15.1,78.7,3,5209,3.8,1207
Guinea,Sub-Saharan Africa,133,27,53.5,2.3,20,0,19.2,-1.8,69.3,-0.3,86.2,3.6,51.8,5.7,73.4,9.6,64.1,1.3,61.2,0,50,5,40,0,21.5,10.9,12.2,3.9,1121,15.2,744
GuineaBissau,Sub-Saharan Africa,143,33,51.3,0.2,20,0,20.2,-1.8,89,-0.1,86.6,4.6,40.5,-0.8,61.4,7.4,74.4,1.7,61.4,-3.9,30,-5,30,0,21.2,1.6,1.9,-1.5,1223,2.2,16
Guyana,South and Central America / Caribbean,121,22,55.7,1.9,30,0,24.4,-0.6,68.4,0.5,71.8,10.7,64.3,-2,72.6,-2.8,78.1,2.2,72,0.8,45,10,30,0,30.6,0.8,6.2,3.3,7939,3,231
Haiti,South and Central America / Caribbean,156,24,48.9,0.8,10,0,16.9,-1.1,80.3,-0.4,66.3,0,33.3,-0.1,68.5,4.9,73.6,-0.6,70.4,-4.4,40,10,30,0,33.5,10.4,12.9,2.8,1243,6.8,179
Honduras,South and Central America / Caribbean,112,19,57.1,-1.3,30,0,23.7,-2.3,84.9,-0.4,79.8,0.6,55.4,-5.6,26.5,-0.3,75.1,1.2,75.4,-1.7,60,-5,60,0,25.9,8.2,37.8,3.3,4610,5.2,1059
HongKong,Asia-Pacific,1,1,90.1,0.8,90,0,82.3,-1.7,93,0.1,89.7,0.8,98.9,0,95.5,9.3,82,-0.1,90,0,90,0,90,0,18.5,7.2,369.4,1.4,51494,4.1,74584
Hungary,Europe,51,24,67,-0.3,60,-5,48.6,2.6,81.1,1.4,26.8,-2.9,79.3,0.2,65.7,1.3,75.6,-1.5,87.8,1,75,0,70,0,49.4,10,195.6,-1.7,19638,5.7,13469
Iceland,Europe,23,13,72.4,0.3,90,0,84.2,1.2,72.9,0.2,32.9,-3.3,91.2,-0.3,59.1,0.2,76,0.2,87.9,0.1,70,5,60,0,47.3,0.3,12.8,1.6,39224,5.2,511
India,Asia-Pacific,120,25,55.7,0.5,50,0,31.5,0.5,79.4,1.1,77.8,-0.1,37.7,0.4,74,0.4,65.5,0.2,65.6,2,35,0,40,0,27.2,1223.2,4684.4,4,3830,9.3,25543
Indonesia,Asia-Pacific,100,21,58.5,1.6,30,0,28,-2,83.4,0,89.8,0.6,54.8,4.6,47.8,-3,76.4,0.9,74.8,-0.2,40,5,60,10,18.5,244.5,1216.7,6.2,4977,4.3,19853
Iran,Middle East / North Africa,173,15,40.3,-2.9,10,0,23.4,-3.6,80.6,-0.2,85.9,5.4,62.3,-3,41.7,-13.3,47.3,-10.7,41.4,-4.3,0,0,10,0,21.7,76.1,999.2,-1.9,13127,30.6,4870
Ireland,Europe,9,2,76.2,0.5,90,0,74.8,-0.2,74,0.2,30.6,1.8,83.4,0,79.5,2.9,81.7,-1.1,87.8,1,90,0,70,0,48.1,4.6,192.2,0.9,41921,1.9,29318
Israel,Middle East / North Africa,44,5,68.4,1.5,75,5,59.3,1.3,60.1,-0.1,40.3,1,73.2,7.1,63,-0.7,80.6,2,82.9,-0.1,80,0,70,0,44.6,7.7,248.7,3.1,32312,1.7,10414
Italy,Europe,86,35,60.9,0.3,50,0,38.5,-0.5,55.5,0,25.6,0.3,75.5,-1.4,52.5,0.5,78.9,-1.3,87.8,1,85,5,60,0,49.8,60.8,1832.9,-2.4,30136,3.3,9625
Jamaica,South and Central America / Caribbean,56,10,66.7,-0.1,40,0,33,0,77.2,-0.3,69.4,1.7,84.6,0.3,75.6,6.3,77.3,1.2,75.1,0.1,85,0,50,-10,31.9,2.8,25.2,0.1,9159,7.3,362
Japan,Asia-Pacific,25,6,72.4,0.6,80,0,77.8,-2.2,69.2,0,47.1,2.1,80,-1.3,79.8,-0.5,87.5,-3.1,82.4,0.6,70,10,50,0,42,127.6,4627.9,2,36266,0,1731
Jordan,Middle East / North Africa,39,4,69.2,-1.2,60,0,45.6,0.6,94,0.4,66.9,-1.9,62,-7.2,72.9,-2.6,81.3,-0.7,79.6,0,70,0,60,0,33.2,6.4,38.7,2.8,6042,4.8,1403
Kazakhstan,Asia-Pacific,67,11,63.7,0.7,30,-5,25.7,-1.3,92.9,-0.3,85,0.5,74.4,2.6,86.7,-1.7,74.4,2.2,78.2,0,40,10,50,0,22.3,16.7,231.8,5,13893,5.1,14022
Kenya,Sub-Saharan Africa,111,17,57.1,1.2,30,0,21,-1,78,0.5,74.6,1.1,55.8,-2.2,64,6.9,74.9,1.1,72.8,6.1,50,0,50,0,29.1,42.1,75.9,4.7,1802,9.4,259
Kiribati,Asia-Pacific,164,38,46.3,0.4,30,0,29.2,-1.8,71.4,0.2,0,0,57,-2.2,83.6,5.1,81.3,2.9,55.4,0,25,0,30,0,91.8,0.1,0.6,2.5,5973,2,-2
SouthKorea,Asia-Pacific,31,8,71.2,0.9,70,0,54,0,72.6,-0.4,72.6,-0.2,92.8,-0.8,47.8,-0.9,79.6,1.7,72.6,0,70,0,80,10,30.2,50,1613.9,2,32272,2.2,9904
Kuwait,Middle East / North Africa,76,7,62.3,-0.8,50,0,43.7,-2.3,97.7,-2.2,55.6,-5.9,57.7,0,63.6,0.8,73.2,1.6,76.7,-0.1,55,0,50,0,38.5,3.8,151,5.1,39889,2.9,1851
KyrgyzRepublic,Asia-Pacific,85,15,61.1,1.5,20,0,19.2,-1.8,94.6,-0.2,60.2,3.8,74.2,1,83.8,-4.8,73.7,7,75.2,-0.2,60,10,50,0,36.4,5.6,13.3,-0.9,2376,2.8,372
Laos,Asia-Pacific,144,31,51.2,1.1,15,0,18.6,-3.4,86.6,6.9,86.7,0.9,60.7,-1.4,54.9,0.2,75.5,2.5,58.6,-0.1,35,5,20,0,21,6.4,19.2,8.3,3011,4.3,294
Latvia,Europe,42,19,68.7,2.2,50,0,43.6,1.6,84.6,0.2,54.9,1.3,82.5,6.8,68.5,4.1,79.7,1.4,87.8,1,85,5,50,0,38.8,2,37.3,5.6,18255,2.3,988
Lebanon,Middle East / North Africa,96,9,59.4,-0.1,20,0,24.5,-0.5,90.9,0.1,73.7,-0.9,55.6,5.3,58.7,1.5,74.5,-2,75.8,-4.6,60,0,60,0,29.6,4,63.2,1.5,15757,6.6,3788
Lesotho,Sub-Saharan Africa,154,37,49.5,1.6,40,0,37.1,2.1,67.4,19.2,0,0,54,-9.7,62.4,-0.4,75.5,-0.2,68.6,-0.5,50,5,40,0,63.1,1.9,4.1,4,2138,5.3,172
Liberia,Sub-Saharan Africa,138,30,52.4,3.1,30,0,33.8,1.8,83.6,7,70.5,-7.3,62.3,5.8,47,-0.2,72.9,0.9,64.1,2.7,40,20,20,0,31.4,4,2.7,8.3,673,6.8,1354
Lithuania,Europe,21,11,73,0.9,60,0,49.9,1.9,92.9,0.1,55.9,2.3,85.7,8.1,59,-5.1,78.6,0.3,87.8,1,80,0,80,0,38.3,3,65,3.6,21615,3.2,835
Luxembourg,Europe,16,7,74.2,0,90,0,84.1,-0.9,62.8,-2.2,47.6,0.5,72.6,-2.2,43.1,4.1,78.9,-0.4,87.8,1,95,0,80,0,41.8,0.5,42.2,0.1,79785,2.9,27878
Macau,Asia-Pacific,29,7,71.3,-0.4,60,0,49.7,-1.3,71.4,-2.1,91.7,0.2,60,0,55,0,79.8,-1.5,90,0,85,0,70,0,16.6,0.6,43.6,9.9,78275,6.1,1500
Macedonia,Europe,43,20,68.6,0.4,35,0,39.6,0.6,91.4,0,70.7,1.6,81,0.7,78.8,0.4,83.5,-0.5,85.9,1.3,60,0,60,0,31.3,2.1,21.9,-0.3,10579,3.3,135
Madagascar,Sub-Saharan Africa,79,7,61.7,-0.3,40,0,27.3,-2.7,90.8,0.8,92.3,-2.3,62.8,-0.7,43.9,-3.5,77.6,2.7,77.8,3.2,55,0,50,0,16,22.4,21.4,1.9,955,6.5,895
Malawi,Sub-Saharan Africa,124,22,55.4,0.1,45,5,31.9,1.9,78,-0.4,63,3,38.9,-2.2,60.3,1.5,64.1,-8.4,72.7,0.9,50,0,50,0,35.1,16.6,14.3,1.9,858,21.3,130
Malaysia,Asia-Pacific,37,9,69.6,3.5,55,0,44.3,1.3,84.6,-0.5,75.6,2.1,85.6,5.7,78.5,6.2,81,1.2,76.4,-0.6,55,10,60,10,28.5,29.5,498.5,5.6,16922,1.7,10074
Maldives,Asia-Pacific,145,32,51,2,20,-5,21.9,-3.1,97.4,-1.4,43.8,29.3,87.4,-1.3,71.7,7.7,69.4,-1,43.8,0.1,25,-5,30,0,43.3,0.3,3.1,3.5,9235,10.9,284
Mali,Sub-Saharan Africa,122,21,55.5,-0.9,20,-10,27.7,-0.3,69.8,0.2,81.7,-2.2,48,-2.1,63.2,-1.4,76.7,-3.2,73.2,0,55,10,40,0,24.7,16.3,18,-1.2,1100,5.3,311
Malta,Europe,58,27,66.4,-1.1,75,0,55.8,-0.2,63.7,2.5,47.2,3.1,62.4,1.3,53.2,-12.2,79.1,-1.3,87.8,1,80,-5,60,0,42,0.4,11.3,0.8,27022,3.2,157
Mauritania,Sub-Saharan Africa,134,28,53.2,0.9,25,0,23.9,-0.1,81.7,1.4,75.8,1.1,38,-5.3,53.1,2,75.5,0.4,69,4.2,50,5,40,0,28.4,3.6,7.7,6.4,2122,4.9,1204
Mauritius,Sub-Saharan Africa,8,1,76.5,-0.4,65,-5,53.4,2.4,92.2,0.1,81.8,-0.1,74.4,-3.8,78,5.7,76.7,1.3,88.6,0.7,85,-5,70,0,24.7,1.3,20.2,3.3,15592,3.9,361
Mexico,North America,55,3,66.8,-0.2,50,0,29.7,-0.3,80.9,-0.2,78.9,-0.5,76.8,-4.6,58.3,-1.4,77.4,-0.3,85.6,5,70,0,60,0,26.6,114.9,1758.9,3.9,15312,4.1,12659
Micronesia,Asia-Pacific,153,35,49.8,-0.3,30,0,30,0,97.5,0,0,0,51.7,-2.4,77.9,-4.6,75.2,-0.9,81,0,25,5,30,0,65.3,0.1,0.8,1.4,7346,5.6,1
Moldova,Europe,110,39,57.3,1.8,40,0,29.5,0.5,85.8,-1.4,54.4,4.3,70.1,0.4,37.9,-3,75,1.6,80.1,0.1,50,15,50,0,39,3.6,12.2,-0.8,3415,4.7,159
Mongolia,Asia-Pacific,97,19,58.9,-2.8,30,0,28.2,1.2,81.8,-0.7,39.1,-23.5,71.8,1.4,81.1,1.9,72.4,-3.2,74.7,-5.1,50,0,60,0,45.1,2.8,15.2,12.3,5372,15,4452
Montenegro,Europe,68,31,63.6,1,40,0,37.8,-2.2,92.5,0.1,42.6,1.1,77.6,4.9,68.6,-2.8,78.6,-1.3,83.1,0.1,65,10,50,0,43.8,0.6,7.3,0,11800,3.6,610
Morocco,Middle East / North Africa,103,10,58.3,-1.3,40,0,33.3,-0.7,71.3,-0.1,64.1,-0.2,76.2,-0.2,31.5,1.4,78.1,-0.8,58.8,-12,70,0,60,0,34.6,32.5,171.2,3,5265,1.3,2836
Mozambique,Sub-Saharan Africa,128,25,55,0,30,0,26.2,-0.8,75.7,-0.5,64.6,0.1,65.2,1.3,36.7,-1.2,80.8,6.1,75.5,0.1,45,-5,50,0,34.4,22.5,26.3,7.5,1169,2.1,5218
Namibia,Sub-Saharan Africa,94,12,59.4,-0.9,30,0,44.2,0.2,66.9,0.5,58.8,-12.7,64.4,-4,81.9,5.2,75,0.1,82.9,1.4,50,0,40,0,37,2.2,16.8,4,7772,6.7,358
Nepal,Asia-Pacific,149,34,50.1,-0.3,30,0,21.3,-0.7,85.9,0.1,89.6,0.4,58.5,1.3,43.8,-0.5,76.3,1.2,61,0.2,5,-5,30,0,18.6,31,40.6,4.6,1308,8.3,92
Netherlands,Europe,15,6,74.2,0.7,90,0,88,-1,51.7,-0.4,25.6,0.9,89.7,6.7,59.6,1,79.9,-1.2,87.8,1,90,0,80,0,49.8,16.8,707,-0.9,42194,2.8,-244
NewZealand,Asia-Pacific,5,4,81.2,-0.2,95,0,94,-1,71.2,-0.3,32.3,-0.9,96.1,-3.8,90.2,0.7,86.3,3,86.8,0,80,0,80,0,47.5,4.4,132,2.5,29730,1.1,2911
Nicaragua,South and Central America / Caribbean,102,18,58.4,1.8,15,0,24.1,-0.9,78.6,-0.1,80,14.9,52.6,1.4,60.3,-1.9,72.8,-0.4,85.4,0,65,5,50,0,25.8,6,26.7,5.2,4458,7.9,810
Niger,Sub-Saharan Africa,127,24,55.1,1.2,30,0,26,1,76.8,-0.2,88.4,8.3,35.2,0,45.4,6.1,88.3,2.9,65.6,-6.1,55,0,40,0,19.6,16.1,13.1,11.2,815,0.5,793
Nigeria,Sub-Saharan Africa,129,26,54.3,-0.8,30,0,22.7,-1.3,85,2.4,74.5,-0.1,48,-7.7,66.4,-0.8,73.1,-0.2,63.8,-0.1,40,0,40,0,29.2,164.8,448.1,6.3,2720,12.2,7029
Norway,Europe,32,16,70.9,0.4,90,0,88.1,-1.9,50.6,-0.4,42.2,1.9,90.9,-1.7,44.6,-0.1,78.7,1.8,89.1,-0.2,75,5,60,0,43.9,5,277.1,3,55009,0.7,12775
Oman,Middle East / North Africa,48,6,67.4,-0.7,50,0,48.2,0.2,98.5,0,56,-13.1,68.3,0.2,75.5,-5.4,73.6,0.9,78.7,0,65,10,60,0,38.3,3.1,90.1,5,29166,2.9,1514
Pakistan,Asia-Pacific,126,26,55.2,0.1,30,0,22.7,-2.3,80.6,0.1,88.3,-0.7,69.4,-1.3,47.3,-0.6,68.5,1.5,64.8,-1.2,40,5,40,0,19.8,178.9,515.4,3.7,2881,11,847
Panama,South and Central America / Caribbean,71,13,63.4,0.9,30,0,34,1,84.3,-1.9,78.7,0.9,73,0.5,39.4,-0.7,75.1,-0.8,74.2,-0.6,75,10,70,0,26.6,3.7,57.1,10.7,15617,5.7,3020
PapuaNewGuinea,Asia-Pacific,132,28,53.9,0.3,20,0,20.2,-1.8,66.7,-0.7,75.4,3.1,57,-1.3,73.7,0.3,75.5,3.1,85.1,0.1,35,0,30,0,28.6,6.8,19.1,9.1,2797,4,29
Paraguay,South and Central America / Caribbean,78,15,62,0.9,30,0,20.5,-1.5,96.2,0.3,89,3.6,58,-1.1,28.9,3.3,80.9,1.1,81.1,-1.6,75,5,60,0,19.1,6.7,40.9,-1.2,6136,3.8,320
Peru,South and Central America / Caribbean,47,7,67.4,-0.8,40,0,34,0,79.1,-0.8,89.1,0,70.6,-1.7,61.4,-5.7,83.3,-1,87,2,70,0,60,0,19.1,30.5,326.7,6.3,10719,3.7,12240
Philippines,Asia-Pacific,89,16,60.1,1.9,30,0,26.1,0.1,79.2,-0.1,92.3,2.1,59.9,6.8,49.7,-1.3,78,1.4,75.5,0,60,10,50,0,16,95.8,424.4,6.6,4430,3.1,2797
Poland,Europe,50,23,67,1,60,0,54.8,-0.2,76.1,0.1,43.2,0.2,70.1,6.1,60.4,-2.5,77.8,0.1,87.8,1,70,5,70,0,43.5,38.9,800.9,2,20592,3.7,3356
Portugal,Europe,69,32,63.5,0.4,70,0,61.1,0.1,60.1,-1.5,26.8,-1.5,84.9,2.1,34.6,3.6,79.3,-0.1,87.8,1,70,0,60,0,49.4,10.5,246.5,-3.2,23385,2.8,8916
Qatar,Middle East / North Africa,30,3,71.2,-0.1,70,0,72.4,0.4,99.9,0.1,72.1,-9.1,71.7,2.3,70,6.6,81.2,0.9,79.8,-2.7,45,0,50,0,30.5,1.8,187.9,6.6,102211,1.9,327
Romania,Europe,62,29,65.5,0.4,40,0,37.7,1.7,87,-0.9,59.2,-3,71,0.6,65.2,1.7,77.1,2.4,87.8,1,80,0,50,0,36.9,21.3,273.4,0.3,12808,3.3,2242
Russia,Europe,140,41,51.9,0.8,25,0,22.1,-1.9,85.6,-1.3,61.5,7.1,70,0.8,55.8,3.2,69.4,2.7,74.6,-2.8,25,0,30,0,35.8,141.9,2513.3,3.4,17709,5.1,51416
Rwanda,Sub-Saharan Africa,65,4,64.7,0.6,30,0,46.9,-3.1,80.3,-0.1,78.2,2.3,69.6,4,84.1,3.8,74.8,-0.7,77.7,-0.3,65,0,40,0,27,10.4,15.5,7.7,1486,6.3,160
SaintLucia,South and Central America / Caribbean,33,2,70.7,0.3,70,0,70.6,0.6,75.7,-1.2,63.6,0,83.1,-2.2,84.5,8.1,82.7,-2,71.9,0,65,0,40,0,34.8,0.2,2.2,-0.4,13104,4.3,113
SaintVincentGrenadines,South and Central America / Caribbean,52,8,67,0.3,70,0,61.1,3.1,73.7,-0.5,72.4,5.3,76.3,-1.3,78.7,2.1,79.8,-0.5,67.6,-5.7,50,0,40,0,30.3,0.1,1.3,0.5,11776,2.6,126
Samoa,Asia-Pacific,84,14,61.1,4,60,0,38,-1,79.9,-0.7,42.2,7.9,73.7,1.3,80.3,-0.1,76.1,-2.4,75.8,9.8,55,25,30,0,43.9,0.2,1.1,1.2,6149,6.2,22
SaoTomePrincipe,Sub-Saharan Africa,157,38,48.8,0.8,20,0,32.5,2.5,86.9,0,27.9,-17.4,52.6,-0.9,44.7,6.1,68.3,2.3,75.3,15.3,50,0,30,0,49,0.2,0.4,4,2337,10.6,50
SaudiArabia,Middle East / North Africa,77,8,62.2,1.6,40,0,43.7,-0.3,99.7,0.1,63.1,10.9,67.3,-0.9,75.8,6.6,68.7,3,74,-3.3,40,0,50,0,35.1,29,906.8,6.8,31275,2.9,12182
Senegal,Sub-Saharan Africa,125,23,55.4,-0.1,40,0,29.5,0.5,65.1,-0.1,75.4,-0.2,47.5,-9.2,41.5,0.2,81.8,2.2,73.2,1,60,5,40,0,28.6,13.1,26.6,3.5,2027,1.1,338
Serbia,Europe,95,37,59.4,0.8,40,0,34,1,83.1,-1.1,38.6,-1.7,59.3,-0.9,70.1,-0.3,66.9,1.6,77,-0.9,75,10,50,0,45.2,7.6,78.7,-1.8,10405,7.3,650
Seychelles,Sub-Saharan Africa,117,19,56.2,1.3,50,0,48.5,0.5,76.8,-0.8,61.8,4.9,67.6,-1.6,68.5,5,75.1,-0.5,33.4,0,50,5,30,0,35.7,0.1,2.3,2.8,25229,7.1,114
SierraLeone,Sub-Saharan Africa,148,34,50.5,2.2,15,5,24.6,-0.4,80.7,0,85.7,9.8,55.3,3.8,28.7,2.4,70.2,1.7,70.2,0.1,55,0,20,0,21.9,6.2,8.3,19.8,1344,13.8,740
Singapore,Asia-Pacific,2,2,89.4,1.4,90,0,91.9,-0.1,91.2,0.1,91.2,-0.1,96.8,-0.3,96.5,5.1,81.5,-0.5,90,0,85,10,80,0,17.1,5.4,326.5,1.3,60410,4.6,56651
Slovakia,Europe,57,26,66.4,-2.3,50,0,41.8,1.8,80.2,-4.5,56,-2,67,-4,53.6,-18.6,78.1,-1,87.8,1,80,5,70,0,38.3,5.4,131.9,2,24249,3.7,2826
Slovenia,Europe,74,34,62.7,1,60,0,61,2,58.9,-6.8,22.6,0.3,85.4,4.7,51,10.6,80.3,-1.3,87.8,1,70,0,50,0,50.8,2.1,58,-2.3,28195,2.6,145
SolomonIslands,Asia-Pacific,165,39,46.2,1.2,30,0,25,-2,61.4,-4.8,21.3,15.2,65.2,-1.4,65.2,-1.2,75.4,0,73,0.4,15,5,30,0,51.2,0.6,1.9,5.5,3345,5.1,69
SouthAfrica,Sub-Saharan Africa,75,6,62.5,0.7,50,0,41.6,0.6,68.7,-1.8,69.1,-0.1,74.5,-0.2,54.4,-1.2,75.3,-0.5,76.1,-0.2,55,10,60,0,32.1,51.2,582.4,2.5,11375,5.7,4573
Spain,Europe,49,22,67.2,-0.8,70,0,62.6,0.6,54,0.1,38.7,-4.3,77.3,-3,52.2,-2.1,79.9,0,87.8,1,80,0,70,0,45.2,46.2,1410.6,-1.4,30557,2.4,27750
SriLanka,Asia-Pacific,90,17,60,-0.7,40,0,33.4,0.4,84.9,0.2,86.3,-0.2,74.4,-2.6,59.2,-1.6,68,-1.1,73.6,-2.6,40,0,40,0,21.4,20.7,126.3,6.4,6107,7.5,776
Suriname,South and Central America / Caribbean,130,23,54.2,2.2,40,0,32.9,2.9,69,-2.6,78.3,5.8,41.8,1.6,81.8,4.3,71.8,5.1,66.2,-0.1,30,5,30,0,26.9,0.5,6.8,4.5,12398,5,70
Swaziland,Sub-Saharan Africa,82,8,61.2,4,40,0,31.6,0.6,74.7,0.3,70.9,19.6,64.2,-1.8,71.7,1.4,72.3,-2.4,81.5,11.8,65,10,40,0,31.2,1.1,6.2,-1.5,5782,8.9,90
Sweden,Europe,20,10,73.1,0.2,90,0,92.3,-0.7,42.9,3.3,21.4,0.4,91.1,-2.1,52.9,-0.7,82.5,0.4,87.8,1,90,0,80,0,51.2,9.5,393,1.2,41191,0.9,13711
Switzerland,Europe,4,1,81.6,0.6,90,0,88.1,0.1,68.9,0.8,65.7,1.9,75.4,-0.4,87.4,-0.5,85.2,-1,90,0,85,5,80,0,33.8,8,363.4,1,45418,-0.7,3613
Taiwan,Asia-Pacific,17,5,73.9,1.2,70,0,59.7,-1.3,80.3,-0.2,84.7,-0.2,93.9,-0.4,53.1,-0.2,81.7,-1.2,85.8,0.8,70,5,60,10,22.6,23.3,903.5,1.3,38749,1.9,3205
Tajikistan,Asia-Pacific,139,30,52,-1.4,20,0,19.4,-3.6,92.3,-0.5,78.1,0,58.4,-3.3,45.5,-10,67.7,3.1,73.2,-5,25,5,40,0,27,8,17.7,7.5,2229,5.8,290
Tanzania,Sub-Saharan Africa,106,15,57.8,-0.1,30,0,28.8,-1.2,79.7,-0.2,78.3,0.4,47,-1.6,61.1,-0.8,66,-5.8,76.8,3.3,60,5,50,0,26.9,47.1,73.9,6.9,1567,16,1706
Thailand,Asia-Pacific,72,12,63.3,-0.8,45,0,33.6,-0.4,79.7,0.8,83.6,-0.1,71.4,-1.8,61.6,-11.3,68.6,0.3,75,-0.2,45,5,70,0,23.4,64.4,651.9,6.4,10126,3,8608
TimorLeste,Asia-Pacific,170,40,43.2,-0.5,20,0,25.4,1.4,64.7,0,0,0,45.4,0.6,79.2,-2,68.3,-1,64.4,-8.6,45,5,20,0,139.7,1.1,11,10,9873,11.8,42
Togo,Sub-Saharan Africa,152,36,49.9,1.1,30,0,23.8,-0.2,69.7,1.2,82.4,0.8,43.3,3.4,42.8,-1.4,79.3,0.8,62.8,6.1,35,0,30,0,24.2,6.3,6.9,5,1096,2.6,166
Tonga,Asia-Pacific,104,22,58.2,2.2,20,0,28.6,-2.4,86.7,-0.4,74.8,10.1,74.6,-2,91.2,6.8,71.3,0.2,79.5,3.9,35,5,20,0,29,0.1,0.8,1.4,7548,4.5,7
TrinidadTobago,South and Central America / Caribbean,73,14,62.7,0.4,50,0,34,2,84.8,-0.1,62.5,2.1,59.4,4.3,76.4,-0.3,71.7,-2,78.6,8.7,60,0,50,-10,35.4,1.3,26.7,0.4,20087,9.3,2527
Tunisia,Middle East / North Africa,109,11,57.3,0.3,40,0,39.2,1.2,74.3,-0.2,63.8,0.1,80.7,-2.1,72.6,2.5,75.9,-1.9,61.8,3.7,35,0,30,0,34.8,10.8,105.3,3.6,9775,5.6,1918
Turkey,Europe,64,30,64.9,2,50,0,44,2,77.5,0.5,63.5,-1.4,67.6,-0.6,59.7,16.6,71.8,-1.5,84.5,-0.7,70,5,60,0,34.9,74.9,1123.4,2.6,15001,8.9,12419
Turkmenistan,Asia-Pacific,171,41,42.2,-0.4,5,0,13.4,-2.6,95.2,1.2,93,1.3,30,0,30,0,65.9,-4.7,79.2,0,0,0,10,0,15.2,5.6,48.9,11,8718,4.9,3159
Uganda,Sub-Saharan Africa,91,10,59.9,-1.2,30,0,23.8,-0.2,79.1,-1.5,87.3,3,45.1,-3.3,87.4,-0.5,71,-6.2,75.4,1.8,60,5,40,-10,20.6,35.6,50.4,2.6,1415,14.1,1721
Ukraine,Europe,155,43,49.3,3,30,0,21.9,-1.1,79.1,0.9,37.5,8.1,59.8,12.2,49.8,-0.1,78.7,7.7,86.2,1.8,20,0,30,0,45.6,45.5,335.2,0.2,7374,0.6,7833
UnitedArabEmirates,Middle East / North Africa,28,2,71.4,0.3,55,0,66.4,-1.6,99.6,-0.3,83.1,-2,74.4,0.4,82.9,5.3,84.6,0.7,82.5,-0.1,35,0,50,0,23.7,5.5,271.3,3.9,49012,0.7,9602
UnitedKingdom,Europe,14,5,74.9,0.1,90,0,76.4,-1.6,56.6,-0.4,29.5,1.8,92,-2.1,73.1,1.5,73.5,1.1,87.8,1,90,0,80,0,48.5,63.2,2336.3,0.2,36941,2.8,62351
UnitedStates,North America,12,2,75.5,-0.5,80,-5,72,1,65.8,-3.5,48.1,0.3,89.2,-1.3,97.2,1.7,75.4,0.4,86.8,0.4,70,0,70,0,41.6,314.2,15684.8,2.2,49922,2.1,167620
Uruguay,South and Central America / Caribbean,38,5,69.3,-0.4,70,0,70.6,0.6,77.4,-6.8,68,-0.3,74.5,1.1,68.1,-2.6,72.1,-0.4,82.5,-0.4,80,5,30,0,32.6,3.4,53.8,3.8,15911,8.1,2710
Uzbekistan,Asia-Pacific,163,37,46.5,0.5,15,0,13.4,-2.6,90.3,0.1,70.4,2.6,75.7,4.5,60.8,-0.2,63.1,0.1,66.1,0,0,0,10,0,31.4,29.4,104.7,8,3555,12.1,1094
Vanuatu,Asia-Pacific,93,18,59.5,2.9,40,0,33.5,-1.5,97.3,0,81.7,1.2,54.8,-1.6,56.8,-0.9,82.7,1.3,48,0,60,30,40,0,24.7,0.3,1.2,2.7,4916,1.4,38
Venezuela,South and Central America / Caribbean,175,28,36.3,0.2,5,0,16.5,-2.5,75.3,-0.3,51.8,1.2,43.4,-2.2,33.7,-0.8,49.7,2.4,62.7,3.9,5,0,20,0,40.1,29.5,401.9,5.5,13616,21.1,3216
Vietnam,Asia-Pacific,147,33,50.8,-0.2,15,0,26.9,-2.1,77,1.4,71.4,-1,62,-1.8,68.3,2.8,63.6,-1.7,78.7,0.1,15,0,30,0,30.9,90.4,320.7,5,3548,9.1,8368
Yemen,Middle East / North Africa,123,12,55.5,-0.4,30,0,19.4,-1.6,91.7,0.2,74.9,2.1,59.2,-2.1,54.9,-0.4,62.1,-3.6,82.4,0.9,50,0,30,0,28.9,25.9,59.1,0.1,2283,11,349
Zambia,Sub-Saharan Africa,88,9,60.4,1.7,30,0,31.3,-0.7,71.8,-1.1,82.9,2.6,74.9,14.5,50.1,-8.3,68,2,84.6,2.3,60,5,50,0,23.9,13.9,24,7.3,1722,6.6,1066
Zimbabwe,Sub-Saharan Africa,176,46,35.5,6.9,10,0,19.3,-2.7,63.3,-8.5,64,-2.4,34.5,1.1,22.2,0.3,73,73,54.2,3.8,5,5,10,0,34.6,13,7.2,4.4,559,3.7,400